Algorithm,K,TrainingSize,AvgCorrect,StdCorrect,AvgAccuracy,StdAccuracy
KNN.MeanKnn,20,100,2672.58333333333,13.6501424493992,0.921580461164316,0.00470694324692558
KNN.SimpleSolver,20,100,2679.375,12.3720535212766,0.923922409613927,0.00426622793560634
