Algorithm,K,TrainingSize,AvgCorrect,StdCorrect,AvgAccuracy,StdAccuracy
KNN.MeanKnn,20,100,184.291666666667,2.47452296188354,0.921458333730698,0.0123726248391209
KNN.SimpleSolver,20,100,184.5,2.64575131106459,0.922500009338061,0.0132287523875695
