Algorithm,K,TrainingSize,AvgCorrect,StdCorrect,AvgAccuracy,StdAccuracy
KNN.MeanKnn,20,100,27542,180.071282181992,0.921137124300003,0.00602245619835095
KNN.SimpleSolver,20,100,27644.0833333333,120.178657515477,0.924551273385684,0.00401935384589345
