Algorithm,K,TrainingSize,AvgCorrect,StdCorrect,AvgAccuracy,StdAccuracy
KNN.MeanKnn,20,1000,1863.70833333333,6.11336763894409,0.931854163606962,0.00305668919522847
KNN.SimpleSolver,20,1000,1864,6.19811799392902,0.932000006238619,0.0030990611703664
