Algorithm,K,TrainingSize,AvgCorrect,StdCorrect,AvgAccuracy,StdAccuracy
KNN.MeanKnn,20,500,930.375,5.38371386683951,0.930375004808108,0.00538371634406956
KNN.SimpleSolver,20,500,933.416666666667,4.72508083411161,0.933416672050953,0.00472508355502051
