Algorithm,K,TrainingSize,AvgCorrect,StdCorrect,AvgAccuracy,StdAccuracy
KNN.MeanKnn,20,10000,18740.125,20.2017171299867,0.937006257474422,0.00101008264937385
KNN.SimpleSolver,20,10000,18736.3333333333,21.5129160170246,0.936816667517026,0.0010756530516864
