Algorithm,K,TrainingSize,AvgCorrect,StdCorrect,AvgAccuracy,StdAccuracy
KNN.MeanKnn,20,100,372.75,9.97183533758957,0.931874992946784,0.0249295839332293
KNN.SimpleSolver,20,100,371.583333333333,10.2912449306302,0.928958334028721,0.0257281125864084
