Algorithm,K,TrainingSize,AvgCorrect,StdCorrect,AvgAccuracy,StdAccuracy
KNN.MeanKnn,20,100,9265.125,182.785920432437,0.935871213674545,0.018463224934716
KNN.SimpleSolver,20,100,9220.95833333333,252.405011698571,0.931409940123558,0.0254954580549986
