Algorithm,K,TrainingSize,AvgCorrect,StdCorrect,AvgAccuracy,StdAccuracy
KNN.MeanKnn,20,100,838.041666666667,16.902857664378,0.931157410144806,0.0187809487221122
KNN.SimpleSolver,20,100,834.75,21.2450974736918,0.927500002086163,0.0236056663541554
